NAME,FIRST_NATIONS_BAND NAME,NATION,REGION,POPULATION,PRIMARY_CONTACT,CONTACT_TITLE,EMAIL,PHONE,FAX,WEB_SITE,ADDRESS,CITY,PROVINCE,POSTAL_CODE,LATITUDE,LONGITUDE,PHOTO
?Akisq'nuk,Columbia Lake First Nation,Ktunaxa,Kootenay,271,Lorna Pollock,Financial Officer,lpollock@akisqnuk.org,(250) 342-6301,(250) 342-9693,http://www.akisqnuk.org,3050 HWY 93 / 95,Windermere,BC,V0B 2L2,50.411444,-115.907307,no
?Aq'am,St. Mary's,Ktunaxa,Kootenay,378,Danielle Cardozo,Director of Business Development,dcardozo@aqam.net,(250) 426-5717,(250) 426-8935,http://www.aqam.net,7470 Mission RD,Cranbrook,BC,V1C 7E5,49.636944,-115.725,no
?Esdilagh,Alexandria Indian Band,Tsilhqot'in,Cariboo,196,,,council@esdilaghband.com,(250) 747-2255,(250) 747-3920,,4 - 9001 West Fraser RD,Quesnel,BC,V2J 6R4,52.574036,-122.484985,no
Adams Lake,Sexqeltqin,Secwepemc,Thompson / Okanagan,762,Steve Murphy,Economic Development Officer,smurphy@alib.ca,(250) 679-8841,(250) 679-8813,http://www.adamslakeband.org,PO BOX 588,Chase,BC,V0E 1M0,50.819031,-119.734009,no
Ahousaht,,Nuu-chah-nulth,Vancouver Island / Coast,2083,Guy Louie,Economic Development Officer,guy.louie@ahousaht.ca,(250) 670-9563,(250) 670-9696,http://www.ahousaht.ca,General Delivery,Ahousat,BC,V0R 1A0,49.280823,-126.0578,no
Aitchelitz,,Sto:lo,Mainland / Southwest,42,,,angiebailey2010@hotmail.com,604-792-2404,,,8161 Aitken RD,Chilliwack,BC,V2R 4H4,49.150412,-121.986882,no
Ashcroft Indian Band,,Nlaka'pamux,Thompson / Okanagan,271,Darcy Robinson,Band Administrator,drobinson@ashcroftband.ca,(250) 453-9154,(250) 453-9156,http://www.ashcroftband.ca,PO BOX 440,Ashcroft,BC,V0K 1A0,50.717834,-121.311584,no
Beecher Bay,Scia'new First Nation,Coast Salish,Vancouver Island / Coast,250,,,bb.fn@telus.net,(250) 478-3535,(250) 478-3585,http://www.beecherbaybc.com,"4901B East Sooke RD, RR 6",Sooke,BC,V9Z 1B6,48.337688,-123.606697,no
Blueberry River First Nations,,Cree / Dunne-zaa (Beaver),Northeast,469,Arthur Chipesia,Economic Development Coordinator ,,(250) 630-2584,(250) 630-2588,,PO BOX 3009,Buick Creek,BC,V0C 2R0,56.701111,-121.096111,no
Bonaparte,St'uxwtéws,Secwepemc,Thompson / Okanagan,913,Martin Gerstmar,Economic Development Officer,marting@bonaparteindianband.com,(250) 457-9624,(250) 457-9550,http://bonaparteindianband.com,PO BOX 669,Cache Creek,BC,V0K 1H0,50.836243,-121.376099,no
Boothroyd,,Nlaka'pamux,Mainland / Southwest,281,,,boothroydband@gmail.com,(604) 867-9211,(604) 867-9747,,PO BOX 295,Boston Bar,BC,V0K 1C0,49.961792,-121.483398,no
Boston Bar First Nation,,Nlaka'pamux,Mainland / Southwest,262,Dolores O'Donaghey,Chief,bbarbandd@uniserve.com,(604) 867-8844,(604) 867-9317,http://bostonbarfirstnation.com,PO BOX 369,Boston Bar,BC,V0K 1C0,49.869812,-121.451294,yes
Bridge River,Xwisten,St'át'imc,Mainland / Southwest,453,Florence Jack,"Administrator, Economic Development",frontdesk@xwisten.ca,(250) 256-7423,(250) 256-7999,http://www.xwisten.ca,PO BOX 190,Lillooet,BC,V0K 1V0,50.813889,-122.083056,no
Campbell River,We Wai Kum,Kwakwaka'wakw,Vancouver Island / Coast,787,Robert Pollard,Chief,bpollard@crband.ca,(250) 286-6949,(250) 287-8838,http://www.crband.ca,1400 Weiwaikum RD,Campbell River,BC,V9W 5W8,50.03268,-125.257981,no
Canim Lake,Tsq'escen',Secwepemc,Cariboo,607,Roy Christopher,Economic Development Officer,ecdev@canimlakeband.com,(250) 397-2227,(250) 397-2769,http://www.canimlakeband.com,PO BOX 1030,100 Mile House,BC,V0K 2E0,51.778809,-120.979614,no
Chawathil,Hope Indian Band,Sto:lo,Mainland / Southwest,589,,,chawath@hughes.net,(604) 869-9994,(604) 869-7614,,4-60814 Lougheed HWY,Hope,BC,V0X 1L3,49.378889,-121.555,no
Cheam,,Sto:lo,Mainland / Southwest,526,Eric Alex,Executive Director,eric.alex@cheamband.com,(604) 794-7924,(694) 794-7456,,52130 Old Yale RD,Rosedale,BC,V0X 1X0,49.18974,-121.784241,no
Cheslatta Carrier Nation,Cheslatta Carrier Nation,Dakelh (Carrier),Nechako,345,Coreena Lewis,General Manager ,cleween@cheslatta.com,(250) 694-3334,(250) 694-3632,,PO BOX 909,Burns Lake,BC,V0J 1E0,54.005615,-125.712585,no
Coldwater,,Nlaka'pamux,Thompson / Okanagan,827,Lee Spahan,Chief ,lspahan@coldwaterband.org,(250) 378-6174,(250) 378-5351,http://www.coldwaterband.com,PO BOX 4600,Merritt,BC,V1K 1B8,50.03302,-120.85968,no
Cook's Ferry,,Nlaka'pamux,Thompson / Okanagan,342,David Walkem,Chief,david.walkem@cooksferry.com,(250) 458-2224,(250) 458-2312,,PO BOX 130,Spences Bridge,BC,V0K 2L0,50.423035,-121.317993,no
Cowichan,,Coast Salish,Vancouver Island / Coast,4786,Maureen Thomas,"COO, Khowutzun Development Corporation",maureenthomas@khowutzun.com,(250) 748-3196,(250) 748-1233,http://www.cowichantribes.com,5760 Allenby RD,Duncan,BC,V9L 5J1,48.776794,-123.708313,no
Da'naxda'xw First Nation,,Kwakwaka'wakw,Vancouver Island / Coast,218,Elizabeth Davidson,Economic Development Officer,elizabeth@danaxdaxw.com,(250) 974-2703,(250) 974-2706,http://www.danaxdaxw.com,PO BOX 330,Alert Bay,BC,V0N 1A0,51.017212,-125.612183,no
Dease River,Dease River First Nation,,Nechako,,Myles Carlick,Lands and Resources Officer,mcarlick13@gmail.com,250-239-3000,,,PO BOX 79,GOOD HOPE LAKE,BC,V0C 2Z0,60.239811 ,-132.407227,no
Ditidaht,,Nuu-chah-nulth,Vancouver Island / Coast,768,Jack Thompson,Economic Development Officer,jkthompson@ditidaht.ca,(250) 745-3333,(250) 745-3332,http://www.ditidaht.ca/,PO BOX 340,Port Alberni,BC,V9Y 7M8,48.810425,-124.671387,no
Doig River First Nation,Doig River First Nation,Dunne-zaa (Beaver),Northeast,302,,,reception@doigriverfn.com,(250) 827-3776,(250) 827-3778,,PO BOX 56,Rose Prairie,BC,V0C 2H0,56.573056,-120.491111,no
Dzawada'enuxw ,,Kwakwaka'wakw,Vancouver Island / Coast,534,Bobbi Smith,Band Administrator,bsmith@kingcome.ca,(250) 974-3013,(250) 974-3005,http://www.kingcome.ca,General Delivery,Kingcome Inlet,BC,V0N 2B0,50.972595,-126.175781,no
Ehattesaht,ʔiiḥatis,Nuu-chah-nulth,Vancouver Island / Coast,462,Doreen John,Administrator,doreen.john@ehatis.ca,(250) 761-4155,(250) 761-4156,http://www.ehattesaht.com,PO BOX 59,Zeballos,BC,V0P 2A0,49.87384,-126.976196,no
Esk'etemc,Alkali Lake,Secwepemc,Cariboo,950,Patricia Chelsea,Economic Development Officer,ecdev@esketemc.ca,(250) 440-5611,(250) 440-5721,http://www.esketemc.org,PO BOX 4479,Williams Lake,BC,V2G 2V5,51.788635,-122.229675,no
Esquimalt,,Coast Salish,Vancouver Island / Coast,298,Bob Mason,Economic Development,bob@longbowproperties.com,(250) 381-7861,(250) 384-9309,http://www.esquimaltnation.ca,1189 Kosapsum CRES,Victoria,BC,V9A 7K7,48.445007,-123.429993,no
Fort Nelson First Nation,Fort Nelson First Nation,Dene / Cree,Northeast,902,Muhamud Hassan,Economic Development,muhamud.hassan@fnnation.ca,(250) 774-7257,(250) 774-7260,http://www.fortnelsonfirstnation.org,"MILE 295 Alaska HWY, RR 1",Fort Nelson,BC,V0C 1R0,58.792419,-122.546875,no
Gitanmaax,,Gitxsan,North Coast,2365,Dianne Shanoss,Executive Director,d.shanoss@gitanmaax.com,250-842-5297,250-842-6364,http://www.gitanmaax.com,PO Box 440  ,Hazelton ,BC,V0J 1Y0,55.255,-127.671111,no
Gitanyow,,Gitxsan,North Coast,835,Joe Starlund,Councillor (Ec Dev Portfolio),joe.starlund@gitanyowchiefs.com,250-849-5222,250-849-5787,http://www.gitanyow.com/,PO Box 340,Kitwanga,BC,V0J 2A0,55.258788,-128.058816,no
Gitga'at Nation,Hartley Bay,Tsimshian,North Coast,736,Ellen Torng,CEO,ellentorng@gitgaat.net,(250) 841-2500,(250) 841-2541,http://www.gitgaat.net/,General Delivery 445 Hayimiisaxaa Way,Hartley Bay,BC,V0V 1A0,53.424194,-129.253784,no
Gitsegukla Band Council,Gitsegukla Band,Gitxsan,North Coast,986,Vern Milton,Chairperson ,vern.milton@gmail.com,(250) 849-5490,(250) 849-5492,http://www.gitsegukla.org,"710 Raycharles AVE, RR 1",Gitsegukla,BC,V0J 2J3,55.096944,-127.828889,no
Gitwangak,Kitwanga,Gitxsan,North Coast,1306,Teresa Maitland,Finance Officer,finance@gitwangak.ca,(250) 849-5591,(250) 849-5353,http://www.gitwangak.ca,PO BOX 400,Kitwanga,BC,V0J 2A0,55.096178,-128.075998,no
Gitxaala Nation,Kitkatla First Nation,Tsimshian,North Coast,1917,Mark Ignas,Business Manager,mark.ignas@gitxaalanation.com,(250) 848-2214,(250) 848-2238,http://gitxaalanation.com/,PO BOX 149,Kitkatla,BC,V0V 1C0,53.773987,-130.438904,no
Glen Vowell,Sik-e-Dakh,Gitxsan,North Coast,413,Mary Lou Malott,Band Manager,administrator@glenvowell.ca,(250) 842-5241,(250) 842-5601,http://glenvowell.ca/,RR 1 SITE J COMP 43,Hazelton,BC,V0J 1Y0,55.308056,-127.683056,no
Gwa'Sala-Nakwaxda'xw,Tsulquate,Kwakwaka'wakw,Vancouver Island / Coast,942,Conrad Brown,Economic Development Officer,ecdev@gwanak.info,250 902 2301 ,(250) 949-7402,http://www.gwanak.info/,PO BOX 998,Port Hardy,BC,V0N 2P0,50.733215,-127.498596,no
Gwawaenuk Tribe,Gwawa'enuxw,Kwakwaka'wakw,Vancouver Island / Coast,41,,,gwatribe@telus.net,(250) 949-8732,,,PO BOX 344,Port Mcneil,BC,V0N 2R0,50.923925,-126.820882,no
Hagwilget Village ,Hagwilget Village Band Council,Wet'suwet'en,North Coast,770,Vernon Joseph,Economic Development Officer,vernon@hagwilget.com,250-842-6258,250-842-6924,http://www.hagwilget.com,PO Box 460,New Hazelton,BC,V0J2J0,55.255,-127.603056,no
Haisla Nation,Haisla Nation Council,Haisla,North Coast,1816,Brent Robinson,Economic Development Officer,brentrobinson@haisla.ca,250-639-9361,250-632-2840,http://haisla.ca/,500 Gitksan Ave.  Haisla PO Box 1101,Kitimat Village,BC,V0T 2B0,53.973206,-128.648071,no
Halalt,,Coast Salish,Vancouver Island / Coast,210,James Thomas,Chief,chief@halalt.org,(250) 246-4736,(250) 246-2330,http://www.halalt.org,"7973 Chemainus RD, RR 5",Chemainus,BC,V0R 1K5,48.876587,-123.692826,no
Halfway River First Nation,,Dunne-zaa (Beaver),Northeast,271,William Field,Board of Directors,wfield@halfwayrivergroup.ca,(250) 772-5058,(250) 772-5200,,PO BOX 59,Wonowon,BC,V0C 2N0,56.473889,-121.881111,no
Heiltsuk Nation,Heiltsuk Nation,Heiltsuk,Vancouver Island / Coast,2379,Carmen Hall ,"Executive Director, Heiltsuk Tribal coun",mslett@bellabella.net,(250) 957-2381,(250) 957-2544,,PO BOX 880,Bella Bella,BC,V0T 1Z0,52.166944,-128.146944,no
Hesquiaht,,Nuu-chah-nulth,Vancouver Island / Coast,718,Bob Anderson,Tribal Administrator,administrator@Hesquiaht.ca,(250) 670-1101,(250) 670-1102,http://hesquiaht.org,PO BOX 2000,Tofino,BC,V0R 2Z0,49.367004,-126.271973,no
High Bar,Llenlleney'ten,Secwepemc,Thompson / Okanagan,118,Vi Antoine,Cultural Heritage Resource Manager,vi@hbfn.ca,(250) 459-2117,(250) 459-2119,,PO BOX 458,Clinton,BC,V0K 1K0,51.113037,-122.018066,no
Homalco,,Coast Salish,Vancouver Island / Coast,470,Mary Ann	Enevoldsen,Chief,homalcofn@hotmail.com,(250) 923-4979,(250) 923-4987,,1218 BUTE CRESCENT,Campbell River,BC,V9H 1G5,49.951938,-125.243754,no
Hupacasath First Nation,,Nuu-chah-nulth,Vancouver Island / Coast,313,Rick Hewson,CEO,rick@hupacasath.ca,(250) 724-4041,(250) 724-1232,http://www.hupacasath.ca,PO BOX 211,Port Alberni,BC,V9Y 7M7,49.265198,-124.8255,no
Huu-ay-aht First Nations,,Nuu-chah-nulth,Vancouver Island / Coast,709,,,huuayaht@pachena.ca,(250) 728-3414,(250) 728-1222,http://www.huuayaht.org,3483 3RD AVE,Port Alberni,BC,V9Y 4E4,48.800598,-125.120667,no
Iskut Band Council,Iskut,Tahltan,North Coast,747,Freddie Louie,Band Manager,feddielouie@iskut.org,(250) 234-3331,(250) 234-3200,http://www.iskutfn.ca,PO BOX 30,Iskut,BC,V0J 1K0,57.840027,-129.985291,no
K'ómoks First Nation,,Kwakwaka'wakw,Vancouver Island / Coast,330,Melinda Knox,Economic Development Officer,melinda.knox@comoxband.ca,(250) 339-4545,(250) 339-7053,http://www.comoxband.ca,3320 COMOX ROAD,Courtenay,BC,V9N 3P8,49.678237,-124.958389,no
Ka:'yu:'k't'h'/Che:k:tles7et'h',Kyuquot,Nuu-chah-nulth,Vancouver Island / Coast,552,,,,(250) 332-5259,(250) 332-5210,,GENERAL DELIVERY,Kyuquot,BC,V0P 1J0,50.089233,-127.305298,no
Kanaka Bar,,Nlaka'pamux,Thompson / Okanagan,230,Patrick Mitchell,Community Liaison,patrickmitchell@hotmail.com,(250) 455-220,(250) 455-2201,,PO BOX 402,Lytton,BC,V0K 1Z0,50.111816,-121.561584,no
Katzie,,Sto:lo,Mainland / Southwest,555,Debbie Miller,Chief Negotiator and Treaty Rep,treaty@katzie.ca,(604) 465-8961,(604) 465-5949,http://www.katzie.ca,10946 Katzie Road,Pitt Meadows,BC,V3Y 2G6,49.201504,-122.677245,no
Kispiox,Anspa yaxw,Gitxsan,North Coast,1609,Jim Leschuk,Band Manager,bandmanager@kispioxband.com,(250) 842-5248,(250) 842-5604,http://www.kispioxband.com,1336 KISPIOX VALLEY ROAD,Kispiox,BC,V0J 1Y4,55.348889,-127.696111,no
Kitasoo,Xai'xais Nation,Tsimshian,North Coast,515,,,,(250) 839-1255,(250) 839-1256,,GENERAL DELIVERY,Klemtu,BC,V0T 1L0,52.583056,-128.533056,no
Kitselas Nation,Gitselasu,Tsimshian,North Coast,624,Sonja Foss,Lands Manager,sdnabess@kitselas.com,(250) 635-5084,(250) 635-5335,http://www.kitselas.com,2225 GITAUS ROAD,Terrace,BC,V8G 0A9,54.491638,-128.584106,no
Kitsumkalum First Nation,Kitsumkalum,Tsimshian,North Coast,736,Terry Bennett,Economic Development Officer,,(250) 635-6177,(250) 635-4622,http://www.kitsumkalum.bc.ca/,PO BOX 544,Terrace,BC,V8G 4B5,54.527039,-128.670898,no
Klahoose First Nation,,Coast Salish,Vancouver Island / Coast,389,Marion McKellar,"Administrator, Finance",mmckellar@klahoose.org,(250) 935-6536,(250) 935-6997,http://www.klahoose.com,"PO BOX 9, CORTES ISLAND",Squirrel Cove,BC,V0P 1T0,50.128056,-124.936111,no
Kwadacha,,Kaska/Sekani,Northeast,538,Danny Case,"CEO, Vice-Chair Lands and Resources",danny.case8@gmail.com,(250) 563-4161,(250) 563-2668,http://www.kaskadenacouncil.com/kaska-nations/kwadacha-nation,207 - 513 AHBAU STREET,Prince George,BC,V2M 3R8,57.428889,-125.641111,no
Kwakiutl,,Kwakwaka'wakw,Vancouver Island / Coast,765,Kasey Larochelle,Economic Development,kasey.larochelle@kwakiutl.bc.ca,(250) 949-6012,(250) 949-6066,,PO BOX 1440,Port Hardy,BC,V0N 2P0,50.693889,-127.411944,no
Kwaw-kwaw-Apilt,,Sto:lo,Mainland / Southwest,44,,,info@stolotribalcouncil.ca,(604) 819-6811,(604) 792-9425,,7654 Vancouver River RD,Vancouver,BC,V2R 4L9,49.163056,-121.983056,no
Kwiakah,,Kwakwaka'wakw,Vancouver Island / Coast,22,,,frankvoelker@kwiakah.com,(250) 923 - 1556,,http://kwiakah.com,"PO BOX 437, STATION A",Campbell River,BC,V9W 5B6,50.423889,-125.158889,no
Kwikwasut'inuxw Haxwa'mis,Kwicksutaineuk & Ah-kwaw-ah-mish,Kwakwaka'wakw,Vancouver Island / Coast,300,,,jhunt@khfn.ca,(250) 974-3004,(250) 974-3007,,"PO BOX 10, 14 Gatu ST",Alert Bay,BC,V0N 1A0,50.588662,-126.929523,no
Kwikwetlem First Nation,,Sto:lo,Mainland / Southwest,82,Ron Giesbrecht,Chief and Economic Development Officer,ron@kwikwetlem.com,(604) 540-0680,(604) 535-0772,http://www.kwikwetlem.com,2 - 65 Colony Farm RD,Coquitlam,BC,V3C 5X9,49.230405,-122.8051,no
Lake Babine Nation,Nat’oot’en,Dakelh (Carrier),Nechako,2433,Pauline Goertzen,Economic Development Officer,pauline.goertzen@lakebabine.com,(250) 692-4700,(250) 692-4790,http://www.lakebabine.com,PO BOX 879,Burns Lake,BC,V0J 1E0,54.238611,-125.7625,no
Lake Cowichan First Nation,,Coast Salish,Vancouver Island / Coast,20,Chief Cyril Livingstone,Chief,cyril49@shaw.ca,(250) 749-3301,(250) 749-4286,http://www.lakecowichanfn.com,"313B Deer RD, PO BOX 159",Lake Cowichan,BC,V0R 2G0,48.825989,-124.06958,no
Langley,Kwantlen First Nation,Sto:lo,Mainland / Southwest,256,Brenda Fernie,"Director, Seyem Qwantlen Business Group",info@seyemqwantlen.ca,(604) 888-2488,(604) 888-2442,http://www.kwantlenfn.ca,"23690 GABRIEL LANE, PO BOX 108",Fort Langley,BC,V1M 2R4,49.173889,-122.561944,no
Lax Kw'alaams,Lax Kw'alaams First Nation,Tsimshian,North Coast,3696,Bob Moraes,Economic Development Officer,bob.ecdev.laxband@gmail.com,(250) 625-3293,(250) 625-3246,http://www.laxkwalaams.ca,206 Shashaak ST,Port Simpson,BC,V0V 1H0,54.551025,-130.416992,no
Leq' a: mel First Nation,Lakahahmen First Nation,Sto:lo,Mainland / Southwest,398,Barb Leggat,Economic Development Officer,barb@leqamel.ca,(604) 826-7976,(604) 826-0362,http://www.leqamel.ca,43101 Leq'a: mel Way,Deroche,BC,V0M 1G0,49.185,-122.076944,no
Lheidli T'enneh ,Lheidli T'enneh Nation,Dakelh (Carrier),Cariboo,405,Jason Morgan,Executive Director,info@lheidli.ca,(250) 963-8451,(250) 963-6954,http://www.lheidli.ca,1041 Whenun RD,Prince George,BC,V2K 5X8,54.016602,-122.62561,no
Lhoosk'uz Dene Nation,Kluskus,Dakelh (Carrier),Cariboo,234,,,,(250) 922-3290,(250) 922-3291,http://www.lhooskuz.com,PO BOX 4639,Quesnel,BC,V2J 3J8,53.09082,-124.488098,no
Lhtako Dene Nation,Red Bluff Indian Band,Dakelh (Carrier),Cariboo,175,Frank Boucher,Councillor (Economic Development),f.boucher@lhtako.ca,(250) 747-2900,(250) 747-1341,,"1515 Arbutus RD, PO BOX 4693",Quesnel,BC,V2J 3J9,52.9552,-122.4505,no
Liard River First Nation,Liard River First Nation,Liard,Nechako,,Vanessa Law,Lands and Resources Officer,ddclro@northwestel.net,250-779-3161,,,PO BOX 328,WATSON LAKE,YT,Y0A 1C0,60.060738,-128.689482 ,no
Little Shuswap Lake,Skwlax,Secwepemc,Thompson / Okanagan,344,Stewart Adamson,Band Manager,sadamson@lslib.ca,(250) 679-3203,(250) 679-3220,http://www.lslib.com/,PO BOX 1100,Chase,BC,V0E 1M0,50.876027,-119.615824,no
Lower Kootenay,Yaqan nu?kiy,Ktunaxa,Kootenay,236,,,reception@lowerkootenay.com,(250) 428-4428,(250) 428-7686,http://lowerkootenay.com,830 Simon RD,Creston,BC,V0B 1G2,49.065319,-116.519065,no
Lower Nicola,,Nlaka'pamux,Thompson / Okanagan,1216,Leesa Mike,Economic Development Officer,leesa@lnib.net,(250) 378-5157,(250) 378-6188,http://www.lnib.net,181 Nawishaskin Lane,Merritt,BC,V1K 0A7,50.138428,-120.858765,no
Lower Post First Nation,Daylu Dena Council,Caska Dena,Nechako,,Rose Schwartz,Executive Director,executivedirector@dayludenacouncil.com,250-779-3161 ,250-779-3371,,"PO Box 10, Building 29",Lower Post,BC,V0C 1W0,60.217991,-131.945801,no
Lower Similkameen,Smelqmix,Syilx (Okanagan),Thompson / Okanagan,491,,,reception@lsib.net,(250) 499-5528,(250) 499-5538,http://www.lsib.net,"PO BOX 100, 517th Ave",Keremeos,BC,V0X 1N0,49.033889,-119.721944,no
Lyackson,,Coast Salish,Vancouver Island / Coast,208,,,reception@lyackson.bc.ca,(250) 246-5019,(250) 246-5049,http://www.lyackson.bc.ca,9137 Chemainus RD,Chemainus,BC,V0R 1K5,49.041199,-123.63678,no
Lytton,,Nlaka'pamux,Thompson / Okanagan,1976,Karen Dunstan,Economic Development Manager,karend@lyttonfirstnations.ca,(250) 455-2304,(250) 455-2291,http://www.lyttonfirstnations.ca,PO BOX 20,Lytton,BC,V0K 1Z0,50.256042,-121.591064,no
Malahat First Nation,,Coast Salish,Vancouver Island / Coast,320,Lonnie Norris,Business Development Manager,lonnie.norris@malahatnation.com,(250) 743-3231,(250) 743-3251,http://www.malahatnation.com,"110 Thunder RD, RR 44",Mill Bay,BC,V0R 2P4,48.614014,-123.520203,no
Mamalilikulla-Qwe'Qwa'Sot'Em,,Kwakwaka'wakw,Vancouver Island / Coast,413,Herold Sewid,Chief,hsewid@shaw.ca,(250) 287-2955,(250) 287-4655,http://mamaband.org,1441A Old Island HWY4,Campbell River,BC,V9W 2E4,50.594238,-126.682312,no
Matsqui,,Sto:lo,Mainland / Southwest,257,Alice McKay,Chief,alice.mckay@shaw.ca,(604) 826-6145,(604) 826-7009,,PO BOX 10,Matsqui,BC,V4X 3R2,49.106944,-122.348056,no
McLeod Lake Indian Band,McLeod Lake Indian Band,Sekani,Cariboo,532,Lucy Martin,Economic Development Manager,lmartin@mlib.ca,(250) 750-4415,(250) 750-4420,http://www.mlib.ca,General Delivery,Mcleod Lake,BC,V0J 2G0,54.987681,-123.045159,no
Metlakatla First Nation,Metlakatla First Nation,Tsimshian,North Coast,889,Gordon Tomlinson,Executive Director,executive.director@metlakatla.ca,(250) 628-3234,(250) 628-9205,http://metlakatla.ca,PO BOX 459,Prince Rupert,BC,V8J 3R2,54.33783,-130.445374,no
Moricetown Band,Moricetown Band,Wet'suwet'en,North Coast,2001,Darlene Glaim,Economic Development,ecdev@moricetown.ca,250 847 2133 ext. 233,(250) 847-9291,http://www.moricetown.ca,205 Beaver RD,Smithers,BC,V0J 2N1,55.011597,-127.32251,no
Mount Currie,Lil'wat First Nation,St'át'imc,Mainland / Southwest,2155,Curt Walker,Senior Administrator,curt.walker@lilwat.ca,(604) 894-6115,(604) 894-6841,http://www.lilwat.ca,PO BOX 602,Mount Currie,BC,V0N 2K0,50.328056,-122.676111,no
Mowachah t/ Muchalaht,Yuquot,Nuu-chah-nulth,Vancouver Island / Coast,598,Michael McGee,Band Administrator,admin@yuquot.ca,(250) 283-2015,(250) 283-2335,http://www.yuquot.ca,PO BOX 459,Gold River,BC,V0P 1G0,49.684204,-126.120605,no
Musqueam,,Coast Salish,Mainland / Southwest,1340,Stephen Lee,"CEO, Musqueam Capital Corporation",slee@musqueam.bc.ca,(604) 559 5400 x 222,(604) 263-4212,http://www.musqueam.bc.ca,6735 Salish DR,Vancouver,BC,V6N 4C4,49.225165,-123.19828,no
N'Quatqua,Anderson Lake,St'át'imc,Mainland / Southwest,344,Vaughan Gabriel,Band Manager,manager@nquatqua.ca,(604) 452-3221,(604) 452-3295,http://www.nquatqua.ca,PO BOX 88,D'Arcy,BC,V0N 1L0,50.528056,-122.483889,no
Nadleh Whuten,,Dakelh (Carrier),Nechako,535,Anne Ketlo,Natural Resources Coordinator,,(250) 690-7211,(250) 690-7316,http://www.nadleh.ca,PO BOX 36,Fort Fraser,BC,V0J 1N0,54.076944,-124.601111,no
Nak'azdli Band,Nak'azdli,Dakelh (Carrier),Nechako,1872,Leonard Thomas,Economic Development Officer,reception@nakazdli.ca,(250) 996-7171,(250) 996-8010,http://www.nakazdli.ca,PO BOX 1329,Fort St. James,BC,V0J 1P0,54.431396,-124.247498,no
Namgis First Nation,,Kwakwaka'wakw,Vancouver Island / Coast,1795,Joseph Isaac,Economic Development Officer,JosephI@namgis.bc.ca,(250) 974-5556,(250) 974-5900,http://www.namgis.bc.ca,PO BOX 210,Alert Bay,BC,V0N 1A0,50.596191,-126.947571,no
Nanoose First Nation,Snaw-naw-as First Nation,Coast Salish,Vancouver Island / Coast,253,,,,(250) 390-3661,(250) 390-3365,http://www.nanoose.org,209 Mallard Way,Lantzville,BC,V0R 2H0,49.254395,-124.129089,no
Nazko First Nation,,Dakelh (Carrier),Cariboo,374,Stuart Alec,"Co-chair, Nazko Economic Development",stuartalec@nazkoband.ca,(250) 992-9085,(250) 992-7982,,PO BOX 4129,Quesnel,BC,V2J 3J2,52.954224,-123.583618,no
Nee Tahi Buhn,,Office of the Wet'suwet'en,Nechako,143,Chief Ray Morris,,chief@ntbband.ca,250-694-3494,250-694-3492,,RR 2 Site 7 Comp 28   ,  Burns Lake,BC,V0J 1E0,53.992867,-125.848692,no
Neskonlith,,Secwepemc,Thompson / Okanagan,650,Richard Manuel,Director of Economic Programs,richardmanuel@neskonlith.net,(250) 679-3295,(250) 679-5306,http://www.neskonlith.org,PO BOX 318,Chase,BC,V0E 1M0,50.783997,-119.753967,no
Nicomen,,Nlaka'pamux,Thompson / Okanagan,133,Jeff Munroe,Band Manager,bandmangager@nicomenband.com,(250) 455-2514,(250) 455-2517,,PO BOX 670,Lytton,BC,V0K 1Z0,50.265015,-121.398987,no
Nisg'aa Village of Gitlaxt'aamiks,New Aiyansh,Nisga'a ,North Coast,,Darlene Morgan,Chief Administrative Officer,darlene@peopleofthegrizzly.com,(250)633-3100,,http://www.gitlaxtaamiks.com/,,,BC,,55.208233,-129.083948,no
Nisga'a Village of Gingolx,Kincolith,Nisga'a ,North Coast,1981,Floyde Stevens,Economic Development Officer,Floyde.stevens@gingolx.net,(250) 326-4212,(250) 326-4208,http://www.gingolx.ca/,607 Front St.,Gingolx,BC,V0V1B0,54.996033,-129.95697,no
Nisga'a Village of New Aiyansh,,Nisga'a,North Coast,1842,Darlene Morgan,Chief Administrative Officer,darlene@peopleofthegrizzly.com,(250) 633-2215,(250) 633-2271,,PO BOX 233,New Aiyansh,BC,V0J 1A0,55.197021,-129.070984,no
Nisga’a Village of Gitwinksihlkw,Nisga’a Village of Gitwinksihlkw,Nisga'a,North Coast,397,Harry Nyce,Chief Administrative Officer,harry.nyce@gitwinksihlkw.ca,(250) 633-2294,(250) 633-2539,,PO BOX 1,Gitwinksihlkw,BC,V0J 3T0,55.192993,-129.221985,no
Nisga’a Village of Laxgalt’sap,Nisga’a Village of Laxgalt’sap,Nisga'a,North Coast,1769,Andy Robinson,Chief Administrative Officer,cao@lbggov.ca,(250) 621-3213,(250) 621-3320,,PO BOX 200,Greenville,BC,V0J 1X0,55.037842,-129.555786,no
Nooaitch,,Nlaka'pamux,Thompson / Okanagan,218,,,reception@nooaitch.com,(250) 378-6141,(250) 378-3699,,2954 Shackelly RD,Merritt,BC,V1K 1N9,50.189392,-121.058411,no
Nuchatlaht,"nuča-łʔtḥ, Oclucje",Nuu-chah-nulth,Vancouver Island / Coast,157,Caroline Gladstone,Band Manager,administrator@Nuchatlaht.com,(250) 332-5908,(250) 332-5907,http://www.nuchatlaht.com,PO BOX 40,Zeballos,BC,V0P 2A0,49.989624,-126.941711,no
Nuxalk Nation,,Nuxalk,Vancouver Island / Coast,1677,,,northbentick@hotmail.com,(250) 799-5613,(250) 799-5426,http://www.nuxalknation.org,PO BOX 65,Bella Coola,BC,V0T 1C0,52.376221,-126.730408,no
Okanagan,,Syilx / Sqilxw,Thompson / Okanagan,1960,Ken McGregor,Executive Director,ken.mcgregor@okanagan.org,(250) 542-4328,(250) 542-4990,http://www.okib.ca,12420 Westside RD,Vernon,BC,V1H 2A4,50.448056,-119.353056,no
Old Massett Village Council,,Haida,North Coast,2967,Jon Disney,Economic Development Officer,ecdev@mhtv.ca,(250) 626-3337,(250) 626-5440,,PO BOX 189,Old Masset,BC,V0T 1M0,54.038635,-132.180176,no
Oregon Jack Creek,,Nlaka'pamux,Thompson / Okanagan,65,,,ojcb@nntc.ca,(250) 453-9098,(250) 453-9097,,PO BOX 940,Ashcroft,BC,V0K 1A0,50.619629,-121.31958,no
Osoyoos Indian Band,Osoyoos ,,Thompson / Okanagan,532,Clarence Louie ,"CEO, Chief",osoyoosband@oib.ca,(250) 498-3444,(250) 498-6577,http://oibdc.ca/,RR 3 SITE 25 COMP 1,Oliver,BC,V0H 1T0,49.185159,-119.532774,no
Pacheedaht First Nation,,Nuu-chah-nulth,Vancouver Island / Coast,277,Chief Bruce Underwood,Chief,bruce.underwood@csets.com,(250) 647-5521,(250) 647-5561,,General Delivery,Port Renfrew,BC,V0S 1K0,48.578796,-124.408264,no
Pauquachin,BOḰEĆEN,Coast Salish,Vancouver Island / Coast,401,Danny Henry,Band Administrator,danny@pauquachin.com,(250) 656-0191,(250) 656-6134,,9010 West Saanich RD,Sidney,BC,V8L 5W4,48.622803,-123.457886,no
Penelakut Tribe,,Coast Salish,Vancouver Island / Coast,931,Sharon Cross,Councillor (Ec Dev Portfolio),sharon@penelakut.ca,(250) 246-2321,(250) 246-2725,http://www.penelakut.ca,PO BOX 360,Chemainus,BC,V0R 1K0,48.971619,-123.655396,no
Penticton,,Syilx (Okanagan),Thompson / Okanagan,1035,Greg Gabriel,Band Administrator,ggabriel@pib.ca,(250) 493-0048,(250) 493-2882,http://www.pib.ca,RR 2 SITE 80 COMP 19,Penticton,BC,V2A 6J7,49.468056,-119.673056,no
Peters,,Sto:lo,Mainland / Southwest,157,Vivian Ferguson,Secretary,vivian.ferguson@stolotribalcouncil.ca,(604) 819-0297,,,"16870 Peters RD, RR 2",Hope,BC,V0X 1L2,49.29747,-121.656732,no
Popkum,,Sto:lo,Mainland / Southwest,10,Vivian Ferguson,Secretary,vivian.ferguson@stolotribalcouncil.ca,(604) 728-7491,,,"PO BOX 2, RR 1",Rosedale,BC,V0X 1X0,49.208056,-121.718056,no
Prophet River First Nation,,Dunne-zaa (Beaver),Northeast,269,Helen McRae,Band Manager,helen.finance@prophetriverfn.ca,(250) 773-6555,(250) 773-6556,,PO BOX 3250,Fort Nelson,BC,V0C 1R0,58.089974,-122.704424,no
Qayqayt First Nation,New Westminster,Coast Salish,Mainland / Southwest,14,,,qayqayt@shaw.ca,(604) 451-0531,(604) 451-9231,,105 - 3680 RAE AVE,Vancouver,BC,V5R 2P5,49.212778,-122.917222,no
Qualicum First Nation,,Coast Salish,Vancouver Island / Coast,124,Michael Recalma,Chief,council.qualicum@shaw.ca,(250) 757-9337,(250) 757-9898,,5850 River Road,Qualicum Beach,BC,V9K 1Z5,49.39679,-124.615295,no
Quatsino,G'usgimukw,Kwakwaka'wakw,Vancouver Island / Coast,519,Robert Duncan,Economic Development Manager,manager@quatsinofn.ca,(250) 949-6245,(250) 949-6249,http://www.quatsinofn.com,305 Quattishe Road,Coal Harbour,BC,V0N 1K0,50.613403,-127.573669,no
Saik'uz First Nation,Stoney Creek,Dakelh (Carrier),Nechako,953,Sandra Harrison,General Manager,general.manager@saikuz.com,(250) 567-9293,(250) 567-2998,http://www.saikuz.com,135 Joseph ST,Vanderhoof,BC,V0J 3A1,53.938416,-124.125305,no
Samahquam,Baptiste,In-SHUCK-ch,Mainland / Southwest,363,G. Beverley Smith,Interim Supervisor,samahquam_frontdesk@yahoo.ca,(250) 894-3355,,,PO BOX 610,Mount Currie,BC,V0N 2K0,49.991111,-122.456944,no
Saulteau First Nation,Saulteau First Nation,Saulteau/Dunne-zaa (Beaver)/Cree,Northeast,1026,Steven James,Economic Development Officer,info@saulteau.com,(250) 788-3955,(250) 788-7261,http://www.saulteau.com,PO BOX 1020,Chetwynd,BC,V0C 1J0,55.843056,-121.641111,no
Scowlitz,,Sto:lo,Mainland / Southwest,251,Colin Pennier,Band Manager,colin.pennier@sqewlets.ca,(604) 826-5813,(604) 826-5813,,PO BOX 76,Lake Errock,BC,V0M 1N0,49.245,-121.995,no
Seabird Island,,Sto:lo,Mainland / Southwest,939,Brian Titus,Sqewqel Development Corporation,brian.titus@sqewqel.ca,(604) 796-2177,(604) 796-3729,http://www.seabirdisland.ca,PO BOX 650,Agassiz,BC,V0M 1A0,49.273056,-121.721111,no
Sechelt First Nation ,shíshálh,Coast Salish,Mainland / Southwest,1356,Jessie August,Economic Development Officer,jaugust@secheltnation.net,(604) 885-2273,(604) 885-3490,http://www.secheltnation.ca,PO BOX 740,Sechelt,BC,V0N 3A0,49.477399,-123.745055,no
Sekw'el'was,Cayoose Creek,St'át'imc,Mainland / Southwest,200,Michelle Edwards,Chief,cayoosecreekband@yahoo.com,(250) 256-4136,(250) 256-4138,,PO BOX 484,Lillooet,BC,V0K 1V0,50.671944,-121.935,no
Semiahmoo,,Coast Salish,Mainland / Southwest,89,Joanna Charles,Councillor (Ec Dev Portfolio),semiahmoojoanne@gmail.com,(604) 536-3101,(604) 536-6116,,16049 Beach RD,Surrey,BC,V3Z 9R6,49.014174,-122.777581,no
Shackan,,Nlaka'pamux,Thompson / Okanagan,132,Heather Fader,Chief Executive Officer,heather.fader@shackan.ca,(250) 378-5410,(250) 378-5219,http://www.shackan.ca,2160 Settler's RD,Merritt,BC,V1K 1M9,50.289429,-121.180481,no
Shuswap,Kenpesq't,Secwepemc,Kootenay,267,,,dean@kinbasket.net,(250) 342-6361,(250) 342-2948,http://www.shuswapband.net,PO BOX 790,Invermere,BC,V0A 1K0,50.528889,-116.018889,no
Shxw'ow'hamel,,Sto:lo,Mainland / Southwest,184,,,secretary@shxwowhamel.ca,(604) 869-2627,(604) 869-9903,http://www.shxwowhamel.ca,58700A ST. Elmo RD,Hope,BC,V0X 1L2,49.341846,-121.607881,no
Shxwhá:y Village,Skway First Nation,Sto:lo,Mainland / Southwest,393,,,recept@skway.com,(604) 792-9316,(604) 792-9317,http://www.skway.com,44680 Schweyey RD,Vancouver,BC,V2R 5M5,49.171111,-121.998889,no
Simpcw First Nation,,Secwepemc,Thompson / Okanagan,702,,,ntibadmin@simpcw.com,(250) 672-9995,(250) 672-5858,http://www.simpcw.com,PO BOX 220,Barriere,BC,V0E 1E0,51.322388,-120.147888,no
Siska,,Nlaka'pamux,Thompson / Okanagan,312,,,siskaib@hughes.net,(250) 455-2219,(250) 455-2539,,PO BOX 519,Lytton,BC,V0K 1Z0,50.137024,-121.571899,no
Skatin,Skookumchuck,St'át'imc,Mainland / Southwest,421,Geneva Quipp,Administrator,geneva.quipp@hotmail.com,(604) 894-0021,(604) 894-0021,,PO BOX 190,Pemberton,BC,V0N 2L0,49.941944,-122.408889,no
Skawahlook First Nation,,Sto:lo,Mainland / Southwest,85,,,sharskawahlook@gmail.com,(604) 796-9129,(604) 796-9289,http://www.skawahlook.com,58611A Lougheed HWY,Agassiz,BC,V0M 1A2,49.356111,-121.606944,no
Skeetchestn,Deadman's Creek Band,Secwepemc,Thompson / Okanagan,530,,,mainoffice@skeetchestn.ca,(250) 373-2493,(250) 373-2494,http://www.skeetchestn.ca,PO BOX 178,Savona,BC,V0K 2J0,50.841187,-120.948792,no
Skidegate,Skidegate,Haida,North Coast,1617,,,haida@skidegate.ca,(250) 559-4496,(250) 559-8247,http://www.skidegate.ca,PO BOX 1301,Skidegate,BC,V0T 1S1,53.261414,-131.99707,no
Skin Tyee Nation,Skin Tyee Nation,Wet'suwet'en,Nechako,176,Adele Gooding,,admin@skintyeenation.ca,(250) 694-3517,(250) 694-3268,,PO BOX 131,Southbank,BC,V0J 2P0,53.998413,-125.879395,no
Skowkale,,Sto:lo,Mainland / Southwest,250,,,manager@skowkale.com,(604) 792-0730,(604) 792-1153,http://www.skowkale.com,PO BOX 2159,Sardis,BC,V2R 1A7,49.136944,-121.941111,no
Skuppah,,Nlaka'pamux,Thompson / Okanagan,118,,,dougmc707@yahoo.com,(250) 455-2279,(250) 455-2772,,PO BOX 548,Lytton,BC,V0K 1Z0,50.187988,-121.578064,no
Skwah,,Sto:lo,Mainland / Southwest,516,Vivian Ferguson,Secretary,vivian.ferguson@stolotribalcouncil.ca,(604) 792-9204,(604) 792-1093,,PO BOX 178,Vancouver,BC,V2P 6H7,49.176111,-121.978889,no
Sliammon,T'la'amin Nation,Coast Salish,Vancouver Island / Coast,1051,Rod Allen,Chief Administrative Officer,rod.allan@sliammon.bc.ca,(604) 483-9646,(604) 483-9769,http://sliammonfirstnation.com,"RR 2, Sliammon RD",Powell River,BC,V8A 4Z3,49.897946,-124.607755,no
Snuneymuxw Nation,Nanaimo,Coast Salish,Vancouver Island / Coast,1725,Chief Douglas White III,,info@snuneymuxw.ca,(250) 740-2300,(250) 753-3492,http://www.snuneymuxw.ca,668 Centre ST,Nanaimo,BC,V9R 4Z4,49.152039,-123.929565,no
Songhees First Nation,Lekwungen,Coast Salish,Vancouver Island / Coast,556,,,reception@songheesnation.com,(250) 386-1043,(250) 386-4161,http://songheesnation.ca/,1500D Admirals RD,Victoria,BC,V9A 2R1,48.449829,-123.425476,no
Soowahlie,,Sto:lo,Mainland / Southwest,369,,,bandmanager@soowahlie.ca,(604) 858-4631,(604) 824-6751,http://soowahlie.ca,4172 Soowahlie RD,Cultus Lake,BC,V2R 4Y2,49.082515,-121.968965,no
Splatsin First Nation,Spallumcheen,Secwepemc,Thompson / Okanagan,875,,,receptionist@spallumcheen.org,(250) 838-6496,(250) 838-2131,http://www.splatsin.ca/,PO BOX 460,ENDERBY,BC,V0E 1V0,50.550668,-119.133368,no
Spuzzum,,Nlaka'pamux,Mainland / Southwest,272,,,spuzzum.fn@gmail.com,(604) 863-2395,(604) 863-2218,,"SITE 3, C-11, RR 1",Yale,BC,V0K 2S0,49.661194,-121.413879,no
Squamish,,Coast Salish,Mainland / Southwest,4117,Geena Jackson,Squamish Trust Administrator,geena_jackson@squamish.net,(604) 980-4553,(604) 980-4523,http://www.squamish.net,PO BOX 86131,North Vancouver,BC,V7L 4J5,49.316611,-123.088667,no
Squiala First Nation,,Sto:lo,Mainland / Southwest,207,,,squiala6@shaw.ca,(604) 792-8300,(604) 792-4522,http://www.squiala.com,8528 Ashwell RD,Chilliwack,BC,V2P 7Z9,49.156111,-121.976111,no
Stellat’en First Nation,Stellat’en First Nation,Dakelh (Carrier),Nechako,530,Sandra Nahornoff ,Community Administrator,reception@stellatenfirstnation.ca,(250) 699-8747,(250) 699-6430,http://www.stellaten.ca,PO BOX 760,Fraser Lake,BC,V0J 1S0,54.061745,-124.907332,no
Sts'ailes,,Sto:lo,Mainland / Southwest,1076,Harvey Paul,Chief Executive Officer,Harvey.Paul@stsailes.com,(604) 796-2116,(604) 796-3946,http://www.stsailes.com,4690 Salish Way,Agassiz,BC,V0M 1A1,49.297791,-121.910889,no
Stswecem'c Xgat'tem First Nation ,Canoe/Dog Creek,Secwepemc,Cariboo,721,,,info@canoecreekband.ca,(250) 440-5645,(250) 440-5679,http://canoecreekband.ca/,General Delivery,DOG CREEK,BC,V0L 1J0,51.587219,-122.204407,no
Stz'uminus First Nation,Chemainus,Coast Salish,Vancouver Island / Coast,1235,Terry Sampson,Councillor,tsampson1@shaw.ca,(250) 245-7155,(250) 245-3012,http://www.stzuminus.com,12611-A Trans Canada HWY,Ladysmith,BC,V9G 1M5,49.013611,-123.786499,no
Sumas First Nation,,Sto:lo,Mainland / Southwest,322,Malonie Langthorne,Economic Development Officer,malonie.langthorne@sumasfirstnation.com,(604) 852-4041,(604) 852-4048,http://www.sumasfirstnation.com,2788 Sumas Mountain RD,Abbotsford,BC,V3G 2J2,49.054351,-122.195349,no
T'it'q'et,,St'át'imc,Mainland / Southwest,416,Wendy Phair,Administrator,reception@titqet.org,(250) 256-4118,(250) 256-4544,http://www.titqet.org,PO BOX 615,Lillooet,BC,V0K 1V0,50.685381,-121.949796,no
T'Sou-ke First Nation,,Coast Salish,Vancouver Island / Coast,257,,,administrator@tsoukenation.com,(250) 642-3957,(250) 642-7808,http://www.tsoukenation.com,PO BOX 307,Sooke,BC,V9Z 1G1,48.38623,-123.695496,no
Tahltan Band Council,Tahltan,Tahltan,North Coast,1860,Ryan Franke,Band Manager,sheila.quash@tahltan.ca,(250) 235-3151,(250) 235-3244,http://www.tahltan.ca,PO BOX 46,Telegraph Creek,BC,V0J 2W0,57.909424,-131.163574,no
Takla Lake First Nation,Takla Lake First Nation,Sekani/Dakelh (Carrier),Nechako,763,Councilor Elke Lepke,"Economic Development, Natural Resources",,(250) 564-9321,(250) 564-9521,http://www.taklafn.ca,"Unit 11, 1839 1st Avenue",Prince George,BC,V2L 2Y8,55.483032,-125.968567,no
Taku River Tlingit First Nation,Taku River Tlingit First Nation,,Nechako,395,Marian Holler,Economic Development Management,ecdev.manager@gov.trtfn.com,651-7946,,,PO Box 132.,Atlin,BC,V0W 1A0,59.567149 ,-133.703856,no
Tk'emlúps te Secwépemc,,Secwepemc,Thompson / Okanagan,1262,,,info@kib.ca,(250) 828-9700,(250) 372-8833,http://www.tkemlups.ca,200 - 355 Yeellowhead HWY,Kamloops,BC,V2H 1H1,50.68103,-120.297668,no
Tl'az't'en Nation,Tl'azt'en Nation ,Dakelh (Carrier),Nechako,1731,Tracy Solonas,Receptionist,tracysolonas69@gmail.com,(250) 648-3212,(250) 648-3250,http://www.tlc.baremetal.com,PO BOX 670,Fort St. James,BC,V0J 1P0,54.653889,-124.758056,no
Tl'etinqox-t'in,Anaham,Tsilhqot'in,Cariboo,1560,,,,(250) 394-4212,(250) 394-4275,http://fnbc.info/org/tl-etinqox-t-government-office,PO BOX 168,Alexis Creek,BC,V0L 1A0,52.020813,-123.181885,no
Tla-o-qui-aht First Nations,,Nuu-chah-nulth,Vancouver Island / Coast,1071,,,elmerfrank@telus.net,(250) 725-3350,(250) 725-3352,http://www.tla-o-qui-aht.org,PO BOX 18,Tofino,BC,V0R 2Z0,49.17804,-125.911072,no
Tlatlasikwala,Nuwitti,Kwakwaka'wakw,Vancouver Island / Coast,66,,,info@tlatlasikwala.com,(250) 902-0538,,http://tlatlasikwala.com,PO BOX 339,Port Hardy,BC,V0N 2P0,50.917603,-127.914673,no
Tlowitsis Tribe,,Kwakwaka'wakw,Vancouver Island / Coast,407,,,tlowi@hughes.net,(250) 923-7815,(250) 923-7816,http://tlowitsis.com,1345 Bute CRES,Campbell River,BC,V9H 1G6,50.531982,-125.982666,no
Tobacco Plains,Akan'kunik,Ktunaxa,Kootenay,200,,,officeassist@tobaccoplains.org,(250) 887-3461,(250) 887-3424,,PO BOX 76,Grasmere,BC,V0B 1R0,49.043889,-115.101944,no
Toosey,Tl'esqox,Tsilhqot'in,Cariboo,328,,,band_manager@toosey.ca,(250) 659-5655,(250) 659-5601,http://www.toosey.ca,PO BOX 80,Riske Creek,BC,V0L 1T0,51.92041,-122.483765,no
Toquaht,,Nuu-chah-nulth,Vancouver Island / Coast,145,,,jeneva.touchie@ufn.ca,(250) 726-4230,(250) 726-4403,http://www.toquaht.ca,PO BOX 759,Ucluelet,BC,V0R 3A0,48.993591,-125.383789,no
Ts'il Kaz Koh First Nation,Burns Lake,Dakelh (Carrier),Nechako,127,Wesley Sam,Economic Development Officer,wesley-sam@hotmail.com,250.692.7717,250.692.4214,,Bag 9000    ,Burns Lake ,BC,V0J 1E0,54.238156,-125.768232,no
Ts'kw'aylaxw,Pavilion,St'at'imc/Secwepemc,Mainland / Southwest,555,Leona McKay,Economic Development Officer,econdev@tskwaylaxw.com,(250) 256-4204 Ext 354,(250) 256-4058,http://www.tskwaylaxw.com,PO BOX 2200,Lillooet,BC,V0K 1V0,50.885,-121.838056,no
Tsal'alh,Seton Lake,St'át'imc,Mainland / Southwest,675,Elizabeth Prosser,,eprosser_slib@hotmail.ca,(250) 259-8227,(250) 259-8384,,SITE 3 BOX 76,Shalalth,BC,V0N 3C0,50.732566,-122.229248,no
Tsartlip,,Coast Salish,Vancouver Island / Coast,978,,,reception@tsartlip.com,(250) 652-3988,(250) 652-3788,http://www.tsartlip.com,"PO BOX 70, 800 Stellys Cross RD",Brentwood Bay,BC,V8M 1R3,48.585022,-123.457275,no
Tsawout First Nation,,Coast Salish,Vancouver Island / Coast,872,Vance Rosling,Economic Development Officer,Vrosling@tsawout.ca,(250) 652-9101,(250) 652-9114,http://www.tsawout.com,PO BOX 121,Saanichton,BC,V8M 2C3,48.588989,-123.38678,no
Tsawwassen First Nation,,Coast Salish,Mainland / Southwest,352,,,info@tsawwassenfirstnation.com,(604) 943-2112,(604) 943-9226,http://tsawwassenfirstnation.com,1926 Tsawwassen DR,Delta,BC,V4M 4G2,49.041921,-123.100158,no
Tsay Keh Dene,Tsay Keh Dene,Sekani,Northeast,472,Karl Sturmanis,"Manager, Lands and Resources",rizony@tkdb.ca,(250) 562-8882,(250) 562-8899,http://www.tsaykeh.com,1877 Queensway ST,Prince George,BC,V2L 1L9,56.784534,-124.782637,no
Tseshaht,,Nuu-chah-nulth,Vancouver Island / Coast,1132,,,cstern@tseshaht.com,(250) 724-1225,(250) 724-4385,http://www.tseshaht.com,5091 TSUMA-AS DR,Port Alberni,BC,V9Y 8X9,49.265808,-124.847778,no
Tseycum,,Coast Salish,Vancouver Island / Coast,183,,,reception@tseycum.ca,(250) 656-0858,(250) 656-0868,http://www.tseycum.ca,1210 Totem LN,Sidney,BC,V8L 5S4,48.665833,-123.450867,no
Tsi Del Del,Alexis Creek,Tsilhqot'in,Cariboo,677,,,reception@tsideldel.org,(250) 481-3335,(250) 481-1197,,PO BOX 69,Chilanko Forks,BC,V0L 1H0,52.138428,-123.959595,no
Tsleil-Waututh Nation,Burrard Band,Coast Salish,Mainland / Southwest,566,,,reception@twnation.ca,(604) 929-3454,(604) 929-4714,http://www.burrardband.com,3075 Takaya DR,North Vancouver,BC,V7H 3A8,49.311299,-122.989069,no
Tzeachten,,Sto:lo,Mainland / Southwest,499,,,Kathy@tzeachten.ca,(604) 858-3888,(604) 858-3382,http://www.tzeachten.ca,45855 Promontory RD,Chilliwack,BC,V2R 0H3,49.111327,-121.956911,no
Uchucklesaht,,Nuu-chah-nulth,Vancouver Island / Coast,212,,,reception@uchucklesaht.ca,(250) 724-1832,(250) 724-1806,http://www.uchucklesaht.ca,PO BOX 1118,Port Alberni,BC,V9Y 7L9,49.023804,-125.040405,no
Ucluelet First Nation,Yuʔłuʔiłʔatḥ,Nuu-chah-nulth,Vancouver Island / Coast,646,,,enquiries@ufn.ca,(250) 726-7342,(250) 726-7552,http://www.ufn.ca,PO BOX 699,Ucluelet,BC,V0R 3A0,48.939026,-125.526001,no
Ulkatcho,,Dakelh (Carrier),Cariboo,1020,Zach Parker,Chief,zparker@ulkatcho.ca,(250) 742-3260,(250) 742-3411,http://www.ulkatcho.com,PO BOX 3430,Anahim Lake,BC,V0L 1C0,52.475403,-125.300598,no
Union Bar,,Sto:lo,Mainland / Southwest,119,,,vivian.ferguson@stolotribalcouncil.ca,(604) 869-9930,(604) 869-9934,http://unionbarfirstnations.com,PO BOX 788,Hope,BC,V0X 1L0,49.443056,-121.433056,no
Upper Nicola,,Syilx (Okanagan),Thompson / Okanagan,958,,,reception@uppernicola.com,(250) 350-3342,(250) 350-3311,http://uppernicolaband.com,PO BOX 3700,Merritt,BC,V1K 1B8,50.143433,-120.282898,no
Upper Similkameen,,Syilx (Okanagan),Thompson / Okanagan,88,,,reception@usib.ca,(250) 292-8733,(250) 292-8753,,PO BOX 220,Hedley,BC,V0X 1K0,49.355042,-120.078308,no
We Wai Kai Nation,Cape Mudge,Kwakwaka'wakw,Vancouver Island / Coast,1091,Brian Kelley,Band Administrator,briank@wewaikai.com,(250) 914-1890,(250) 914-1891,http://www.wewaikai.com,690 Headstart CRES,Campbell River,BC,V9H 1P9,50.018056,-125.293056,no
West Moberly First Nation,,Dunne-zaa (Beaver) & Cree,Northeast,278,John Lewis,Economic Development Officer ,eassistant@westmo.org,(250) 788-3663,(250) 788-9792,http://www.westmo.org,PO BOX 90,Moberly Lake,BC,V0C 1X0,55.806111,-121.886111,no
Westbank First Nation,,Syilx (Okanagan),Thompson / Okanagan,825,,,mail@wfn.ca,(250) 769-4999,(250) 769-4377,http://www.wfn.ca,301-515 HWY 97 SOUTH,Kelowna,BC,V1Z 3J2,49.836111,-119.608056,no
Wet'suwet'en First Nation,Broman Lake,Wet'suwet'en,Nechako,240,Karen Ogen,Chief,wfnchief@lakescom.net,250-698-7307,,http://wetsuwetenfirstnation.ca/, P.O. Box 760 ,Burns Lake,BC,V0J 1E0,54.331421,-125.893494,no
Whispering Pines/Clinton,Pellt'iq't,Secwepemc,Thompson / Okanagan,153,,,wpcib@wpcib.com,(250) 579-5772,(250) 579-8367,http://www.wpcib.com,615 Whispering Pines DR,Kamloops,BC,V2B 8S4,50.986816,-120.247864,no
Williams Lake,Sugar Cane / T'exelc,Secwepemc,Cariboo,761,,,webmaster@williamslakeband.ca,(250) 296-3507,(250) 296-4750,http://williamslakeband.ca,2672 Indian DR,Williams Lake,BC,V2G 5K9,52.106201,-121.993896,no
Wuikinuxv First Nation,Oweekeno/Wuikinuxv Nation,Oweekeno,Vancouver Island / Coast,289,,,admin@oweekeno.bc.ca,(250) 949-8625,(250) 949-7105,http://wuikinuxv.net,PO BOX 3500 Oweekeno Village Rivers Inlet,Port Hardy,BC,V0N 2P0,51.681944,-127.213889,no
Xa'xtsa,Douglas,St'át'imc,Mainland / Southwest,292,Lyle Leo,Band Manager,Lyle.Leo@xaxtsa.ca,(604) 894-0020,(604) 894-0019,http://www.xaxtsa.ca,PO BOX 606,Mount Currie,BC,V0N 2K0,49.755474,-122.164833,no
Xatśūll First Nation,Soda Creek,Secwepemc,Cariboo,420,Rhonda Phillips,Band Administrator,reception@xatsull.com,(250) 989-2323,(250) 989-2300,http://www.xatsull.com,3405 Mountain House RD,Williams Lake,BC,V2G 5L5,52.262207,-122.093384,no
Xaxli'p,Fountain,St'át'imc,Mainland / Southwest,1021,Juan Cereno,Administrator,reception@xaxlip.ca,(250) 256-4800,(250) 256-4803,http://www.xaxlip.ca,PO BOX 1330,Lillooet,BC,V0K 1V0,50.736111,-121.863889,no
Xeni Gwet'in,Nemiah,Tsilhqot'in,Cariboo,428,Roger William,Chief,roger@xenigwetin.ca,(250) 392-7023,(250) 394-7043,http://www.xenigwetin.ca,General Delivery,Nemiah Valley,BC,V0L 1X0,51.420227,-124.098694,no
Yakweakwioose,,Sto:lo,Mainland / Southwest,67,Vivian Ferguson,Secretary,vivian.ferguson@stolotribalcouncil.ca,(604) 824-0826,(604) 858-1775,,"RR 2, 7176 Vancouver River RD",Sardis,BC,V2R 1B1,49.133056,-121.938056,no
Yale First Nation,,Yale,Mainland / Southwest,163,,,admin@yalefirstnation.ca,(604) 863-2443,(604) 863-2467,http://www.yalefirstnation.ca,PO BOX 1869,Hope,BC,V0X 1L0,49.562305,-121.422703,no
Yekooche First Nation,Yekooche Band,Dakelh (Carrier),Nechako,227,Rob Diaz,Economic Development Advisor ,,(250) 562-0592,(250) 562-0530,http://www.yekooche.com,1890 - 3RD AVE,Prince George,BC,V2M 1G4,54.600403,-125.066101,no
Yunesit'in Government,Stone Indian Band,Tsilhqot'in,Cariboo,446,,,,(250) 394-4295,(250) 392-4407,,PO BOX 158,Hanceville,BC,V0L 1K0,51.93103,-123.145081,no
